Name,Count
проезд без названия,520
Варшавское шоссе,162
Калужское шоссе,142
шоссе Энтузиастов,80
Боровское шоссе,80
проспект Мира,74
Дмитровское шоссе,73
Ленинский проспект,70
Чертановская улица,64
проспект Вернадского,63
Каширское шоссе,60
Профсоюзная улица,55
Ленинградское шоссе,54
Волгоградский проспект,50
Центральная улица,50
Волоколамское шоссе,46
Севастопольский проспект,45
Люблинская улица,44
Алтуфьевское шоссе,43
Зелёный проспект,42
Рублёвское шоссе,41
Мичуринский проспект,41
Рязанский проспект,41
Первомайская улица,40
Щёлковское шоссе,39
Шоссейная улица,38
Ломоносовский проспект,38
Ленинградский проспект,37
улица Героев Панфиловцев,36
улица Свободы,35
Кутузовский проспект,35
Дорожная улица,33
Киевское шоссе,33
Нахимовский проспект,32
Новоясеневский проспект,32
улица Александры Монаховой,32
Рябиновая улица,30
Привольная улица,30
Судостроительная улица,29
Дубнинская улица,28
Хорошёвское шоссе,28
Кировоградская улица,28
проспект Андропова,27
улица Борисовские Пруды,26
улица Верхние Поля,26
Фестивальная улица,25
улица Народного Ополчения,25
Открытое шоссе,25
Свободный проспект,25
улица Перерва,25
Липецкая улица,25
Ореховый бульвар,25
Коровинское шоссе,24
Полярная улица,24
Симферопольский бульвар,24
улица Островитянова,24
Большая Академическая улица,23
Широкая улица,23
Ярославское шоссе,23
Пролетарский проспект,23
улица Лобачевского,23
Салтыковская улица,23
улица Вавилова,23
Бескудниковский бульвар,22
Енисейская улица,22
улица Каховка,22
улица Юных Ленинцев,22
Авиамоторная улица,22
Волжский бульвар,22
проспект Маршала Жукова,21
Болотниковская улица,21
Автозаводская улица,21
Вешняковская улица,21
Перовская улица,21
улица Миклухо-Маклая,21
Комсомольский проспект,21
Ставропольская улица,21
Шипиловский проезд,21
Кронштадтский бульвар,20
Крылатская улица,20
Мосфильмовская улица,20
Балаклавский проспект,20
Краснобогатырская улица,20
проспект Будённого,20
Голубинская улица,20
Краснодонская улица,20
улица Барышиха,20
Панфиловский проспект,20
Сельскохозяйственная улица,19
улица Обручева,19
Большая Черкизовская улица,19
Сиреневый бульвар,19
Южнопортовая улица,19
улица Удальцова,19
Каспийская улица,19
Большая Черёмушкинская улица,19
Пятницкое шоссе,19
Бутырская улица,18
улица Лескова,18
улица Крылатские Холмы,18
улица Красного Маяка,18
улица Менжинского,18
Молодогвардейская улица,18
улица Юности,18
Краснодарская улица,18
Озёрная улица,18
Ясеневая улица,18
Южнобутовская улица,18
Смольная улица,17
улица Академика Королёва,17
улица Кулакова,17
бульвар Яна Райниса,17
Продольный проезд,17
улица Лётчика Бабушкина,17
Кастанаевская улица,17
улица Подольских Курсантов,17
Нагатинская набережная,17
Хабаровская улица,17
Красноказарменная улица,17
Нижегородская улица,17
Суздальская улица,17
Тимирязевская улица,16
улица Маршала Бирюзова,16
улица Маршала Катукова,16
Большая Филёвская улица,16
Минская улица,16
улица Барклая,16
Бауманская улица,16
улица Дмитрия Ульянова,16
улица Красный Казанец,16
Новочерёмушкинская улица,16
улица Гурьянова,16
Шипиловская улица,16
Лосиноостровская улица,16
Чечёрский проезд,16
Ангарская улица,15
улица Генерала Белобородова,15
Живописная улица,15
Череповецкая улица,15
Аминьевское шоссе,15
улица Декабристов,15
Нагатинская улица,15
улица Стромынка,15
Поперечный просек,15
улица Трофимова,15
улица Земляной Вал,15
Измайловский бульвар,15
Байкальская улица,15
улица Сталеваров,15
улица Плеханова,15
улица Полбина,15
улица Мусы Джалиля,15
улица Кржижановского,15
улица Академика Анохина,15
Митинская улица,14
Зеленоградская улица,14
Ботаническая улица,14
улица Корнейчука,14
улица Косыгина,14
Шмитовский проезд,14
Кавказский бульвар,14
Нагорная улица,14
Окружной проезд,14
Литовский бульвар,14
Шарикоподшипниковская улица,14
Новочеркасский бульвар,14
Фрунзенская набережная,14
Дубининская улица,14
Лебедянская улица,14
Новокосинская улица,14
улица Генерала Белова,14
улица Капотня,14
улица Тёплый Стан,14
улица Авиаторов,14
Большая Косинская улица,14
улица Адмирала Лазарева,14
Новокуркинское шоссе,14
проспект Генерала Алексеева,14
улица Сущёвский Вал,13
улица 800-летия Москвы,13
улица Исаковского,13
Планерная улица,13
улица Нижние Мнёвники,13
Можайское шоссе,13
Сколковское шоссе,13
проезд Дежнёва,13
Шереметьевская улица,13
Востряковский проезд,13
Электрозаводская улица,13
Самаркандский бульвар,13
Ташкентская улица,13
3-я Парковая улица,13
15-я Парковая улица,13
3-я Владимирская улица,13
9-я Парковая улица,13
Алтайская улица,13
Новогиреевская улица,13
Федеративный проспект,13
улица Введенского,13
Университетский проспект,13
Батайский проезд,13
Большая Очаковская улица,13
Воронежская улица,13
Кантемировская улица,13
Домодедовская улица,13
Задонский проезд,13
1-й Капотнинский проезд,13
бульвар Дмитрия Донского,13
Поречная улица,13
Михалковская улица,12
Флотская улица,12
Авиационная улица,12
Большая Пироговская улица,12
Таманская улица,12
Таллинская улица,12
улица Бориса Галушкина,12
Малая Филёвская улица,12
Стартовая улица,12
проезд Шокальского,12
Новозаводская улица,12
улица Хачатуряна,12
1-я Останкинская улица,12
Днепропетровская улица,12
Булатниковский проезд,12
Коломенская улица,12
улица Хлобыстова,12
улица Молдагуловой,12
улица Академика Скрябина,12
проезд Карамзина,12
Белореченская улица,12
Борисовский проезд,12
Бирюлёвская улица,12
Загородное шоссе,12
Родниковая улица,12
2-я Вольская улица,12
Лухмановская улица,12
Октябрьский проспект,12
улица Корнея Чуковского,12
улица Зои и Александра Космодемьянских,11
Онежская улица,11
улица Дыбенко,11
Сходненская улица,11
улица Берзарина,11
улица Василия Петушкова,11
улица Куусинена,11
Новощукинская улица,11
Изумрудная улица,11
улица Коминтерна,11
проезд Серебрякова,11
Туристская улица,11
Street,11
улица Твардовского,11
Барвихинская улица,11
Абрамцевская улица,11
Беловежская улица,11
Ясный проезд,11
Партизанская улица,11
улица Яблочкова,11
Чонгарский бульвар,11
Медынская улица,11
улица Сокольнический Вал,11
Бакунинская улица,11
Ивантеевская улица,11
Коломенская набережная,11
улица Академика Миллионщикова,11
Уральская улица,11
улица Молостовых,11
2-я Владимирская улица,11
Московский проспект,11
улица Михайлова,11
2-я улица Машиностроения,11
Волочаевская улица,11
улица Академика Пилюгина,11
Братеевская улица,11
Ключевая улица,11
улица Академика Варги,11
улица Генерала Дорохова,11
Дубравная улица,11
улица Поляны,11
улица Адмирала Корнилова,11
Венёвская улица,11
Бартеневская улица,11
Советская улица,11
улица Каменка,11
Центральный проспект,11
улица Ленина,11
Сосновая аллея,11
Внуковское шоссе,11
улица Генерала Донскова,11
Клязьминская улица,10
Старопетровский проезд,10
Коптевская улица,10
Херсонская улица,10
Лодочная улица,10
улица Маршала Тухачевского,10
улица Мнёвники,10
улица Фабрициуса,10
Сигнальный проезд,10
3-я Хорошёвская улица,10
Бибиревская улица,10
Верейская улица,10
Юрловский проезд,10
3-й Дорожный проезд,10
улица Милашенкова,10
Огородный проезд,10
Трифоновская улица,10
улица Симоновский Вал,10
улица Радио,10
1-я Владимирская улица,10
Реутовская улица,10
Марксистская улица,10
Николоямская улица,10
Веерная улица,10
Перовское шоссе,10
проспект 60-летия Октября,10
Мытная улица,10
Бакинская улица,10
улица Москворечье,10
улица Бехтерева,10
улица Серпуховский Вал,10
Новомарьинская улица,10
Мячковский бульвар,10
Старобитцевская улица,10
Братиславская улица,10
улица Бунинская Аллея,10
Георгиевский проспект,10
Рязановское шоссе,10
Староникольская улица,10
Петрозаводская улица,9
Беломорская улица,9
улица Красная Пресня,9
улица Нижняя Масловка,9
Анадырский проезд,9
улица Малыгина,9
Радужная улица,9
улица Алабяна,9
Снежная улица,9
Богородское шоссе,9
Строгинский бульвар,9
улица Софьи Ковалевской,9
Берёзовая аллея,9
улица Вилиса Лациса,9
Осенний бульвар,9
Белозерская улица,9
улица Пришвина,9
Осташковская улица,9
улица Красных Зорь,9
улица Плещеева,9
Бережковская набережная,9
Филёвский бульвар,9
улица 26-ти Бакинских Комиссаров,9
улица Римского-Корсакова,9
улица Руставели,9
Булатниковская улица,9
Большая Серпуховская улица,9
улица Большая Полянка,9
Черноморский бульвар,9
улица Павла Корчагина,9
Коломенский проезд,9
Саянская улица,9
Кетчерская улица,9
Кусковская улица,9
улица Ивана Франко,9
улица Гарибальди,9
улица Архитектора Власова,9
улица Коштоянца,9
Угрешская улица,9
улица Академика Волгина,9
улица Новаторов,9
Новоостаповская улица,9
Кожевническая улица,9
улица Маршала Шестопалова,9
улица Матросская Тишина,9
улица Шолохова,9
улица Скульптора Мухиной,9
Лукинская улица,9
улица 8 Марта,9
улица Маршала Полубоярова,9
улица Генерала Кузнецова,9
улица Верхняя Масловка,9
улица Горчакова,9
Ярославская улица,9
Воротынская улица,9
Большая Никитская улица,9
улица Андреевка,9
улица Авиаконструктора Сухого,9
улица Брусилова,9
Покровская улица,9
Косинское шоссе,9
Рождественская улица,9
2-й Лихачёвский переулок,9
Петровско-Разумовский проезд,8
Станционная улица,8
Башиловская улица,8
Карамышевская набережная,8
улица Константина Царёва,8
Новопесчаная улица,8
проезд Донелайтиса,8
площадь Новодевичьего Монастыря,8
Ельнинская улица,8
Прибрежный проезд,8
Неманский проезд,8
Тверская улица,8
Мурановская улица,8
Ярцевская улица,8
Давыдковская улица,8
Студёный проезд,8
Северный бульвар,8
Путевой проезд,8
улица Пресненский Вал,8
Люсиновская улица,8
Малахитовая улица,8
Ереванская улица,8
Русаковская улица,8
2-й Грайвороновский проезд,8
Щербаковская улица,8
Измайловский проспект,8
Ткацкая улица,8
Бойцовая улица,8
улица Гастелло,8
Азовская улица,8
Нижняя Красносельская улица,8
Протопоповский переулок,8
Монтажная улица,8
улица Академика Павлова,8
улица Пречистенка,8
1-я Дубровская улица,8
улица Покровка,8
Матвеевская улица,8
Нежинская улица,8
улица Нижние Поля,8
улица Фёдора Полетаева,8
улица Маршала Голованова,8
3-й Крутицкий переулок,8
Большая Грузинская улица,8
Промышленная улица,8
Севанская улица,8
улица Маршала Захарова,8
Городецкая улица,8
Гурьевский проезд,8
улица Шаболовка,8
улица Цюрупы,8
улица Генерала Тюленева,8
Солнцевский проспект,8
улица Богданова,8
улица 50 лет Октября,8
улица Грина,8
Скобелевская улица,8
Приречная улица,8
улица Николая Старостина,8
улица Авиаконструктора Миля,8
улица Академика Семёнова,8
Харьковский проезд,8
улица Руднёвка,8
Фирсановское шоссе,8
улица Дмитриевского,8
Железнодорожная улица,8
улица Маршала Савицкого,8
Косинская улица,8
Лесная улица,8
проспект 40 лет Октября,8
Большая Калитниковская улица,8
Локомотивный проезд,7
Автомоторная улица,7
Планетная улица,7
Новомосковская улица,7
улица Плющиха,7
Походный проезд,7
улица Маршала Василевского,7
Карельский бульвар,7
Тушинская площадь,7
улица Космонавта Волкова,7
1-й Силикатный проезд,7
Беговая улица,7
улица Заморёнова,7
Костромская улица,7
улица Ивана Сусанина,7
Осенняя улица,7
улица Маршала Неделина,7
улица Конёнкова,7
Славянский бульвар,7
улица Грекова,7
улица Молодцова,7
улица Бестужевых,7
Большая Тульская улица,7
улица Докукина,7
проезд Русанова,7
Ферганский проезд,7
Ферганская улица,7
Грайвороновская улица,7
улица Измайловский Вал,7
Большая Семёновская улица,7
Старая Басманная улица,7
Рабочая улица,7
улица Бирюсинка,7
Челябинская улица,7
Большой Купавенский проезд,7
улица Чечулина,7
Электролитный проезд,7
улица Новый Арбат,7
5-я Парковая улица,7
Красноармейская улица,7
Подольская улица,7
Окская улица,7
Семёновский проезд,7
Новая Басманная улица,7
шоссе Фрезер,7
5-я Кабельная улица,7
Донецкая улица,7
улица Горбунова,7
улица Бутлерова,7
Верхняя Красносельская улица,7
Михневская улица,7
Загорьевский проезд,7
Дербеневская набережная,7
улица Винокурова,7
улица Маршала Чуйкова,7
6-я Радиальная улица,7
2-й Боткинский проезд,7
Большая Почтовая улица,7
Новоцарицынское шоссе,7
Тропарёвская улица,7
Совхозная улица,7
Рузская улица,7
Новороссийская улица,7
Куликовская улица,7
Перервинский бульвар,7
улица Проходчиков,7
Соколово-Мещерская улица,7
улица Логвиненко,7
Никольский проезд,7
Новокрюковская улица,7
Святоозерская улица,7
Машкинское шоссе,7
улица Красная Сосна,7
улица Академика Флёрова,7
проспект Защитников Москвы,7
Автомобильный проезд,7
улица Линии Октябрьской Железной Дороги,6
Нарвская улица,6
Петровско-Разумовская аллея,6
Авангардная улица,6
Солнечногорская улица,6
улица Вучетича,6
Ижорская улица,6
улица Маршала Федоренко,6
улица Хамовнический Вал,6
2-я Квесисская улица,6
Химкинский бульвар,6
Звенигородское шоссе,6
улица Генерала Глаголева,6
Ростокинский проезд,6
Лобненская улица,6
Строгинское шоссе,6
улица Гамалеи,6
4-я Магистральная улица,6
1-я Тверская-Ямская улица,6
Северодвинская улица,6
Тайнинская улица,6
Инженерная улица,6
Челюскинская улица,6
улица Академика Янгеля,6
Кольская улица,6
Краснопролетарская улица,6
Новорязанская улица,6
Битцевский проезд,6
улица Большие Каменщики,6
улица Газопровод,6
Костомаровский переулок,6
Уссурийская улица,6
Амурская улица,6
Красноярская улица,6
Мартеновская улица,6
улица Плющева,6
Вольная улица,6
16-я Парковая улица,6
Измайловское шоссе,6
аллея Жемчуговой,6
Тарусская улица,6
Таганская улица,6
улица Маршала Тимошенко,6
1-я улица Машиностроения,6
Гоголевский бульвар,6
Москворецкая набережная,6
Воронцовская улица,6
Славянская площадь,6
Очаковское шоссе,6
Староволынская улица,6
Тверской бульвар,6
Саратовская улица,6
Доброслободская улица,6
Никитинская улица,6
Садовая-Кудринская улица,6
Малая Грузинская улица,6
Иловайская улица,6
улица Медиков,6
Новохохловская улица,6
3-й Павелецкий проезд,6
Носовихинское шоссе,6
улица Довженко,6
Нагорный проезд,6
Новокузнецкая улица,6
Пермская улица,6
улица Большая Ордынка,6
Чагинская улица,6
Соловьиный проезд,6
улица Академика Бакулева,6
Попутная улица,6
2-я Магистральная улица,6
1-й Митинский переулок,6
Старокачаловская улица,6
Производственная улица,6
Чоботовская улица,6
улица Федосьино,6
Златоустовская улица,6
4-я линия Хорошёвского Серебряного Бора,6
Вятская улица,6
Остафьевская улица,6
Заповедная улица,6
Юровская улица,6
улица Гризодубовой,6
улица Текстильщиков,6
Солнечная аллея,6
Крюковская площадь,6
улица Гоголя,6
Алабушевская улица,6
Филаретовская улица,6
Островная улица,6
улица Лётчика Спирина,6
улица Маршала Прошлякова,6
Сухонская улица,6
улица 40 лет Октября,6
Бачуринская улица,6
Колхозная улица,6
улица Золоторожский Вал,6
улица Пырьева,6
Госпитальная улица,6
улица Адмирала Макарова,6
Краснопресненская набережная,6
Зимёнковская улица,6
Погонный проезд,6
3-я Черепковская улица,5
улица Академика Курчатова,5
Краснополянская улица,5
улица Лавочкина,5
улица Бутырский Вал,5
Звёздный бульвар,5
Красностуденческий проезд,5
улица Расплетина,5
4-й Вятский переулок,5
улица Костякова,5
Вишнёвая улица,5
Песчаная улица,5
улица Рогова,5
улица Маршала Новикова,5
3-я Магистральная улица,5
улица Вильгельма Пика,5
Олонецкая улица,5
2-й Хорошёвский проезд,5
Лианозовский проезд,5
улица Говорова,5
улица Артамонова,5
Сумская улица,5
Вологодский проезд,5
Большая Дорогомиловская улица,5
улица Большая Якиманка,5
улица Мусоргского,5
Мирской переулок,5
улица Фонвизина,5
Сумской проезд,5
Печорская улица,5
улица Добролюбова,5
Ростокинская улица,5
улица Новинки,5
Вельяминовская улица,5
Миллионная улица,5
Большая Оленья улица,5
Малая Черкизовская улица,5
Котляковская улица,5
улица Сергия Радонежского,5
Камчатская улица,5
3-й Самотёчный переулок,5
2-й Иртышский проезд,5
Фрязевская улица,5
Электродная улица,5
улица Металлургов,5
улица Лазо,5
улица Ремизова,5
Бобруйская улица,5
Садовническая улица,5
улица Вострухина,5
7-я Парковая улица,5
улица Остоженка,5
улица Судакова,5
улица Рогожский Вал,5
улица Госпитальный Вал,5
Никулинская улица,5
проектируемый проезд № 1980,5
улица Кравченко,5
Лубянская площадь,5
улица Марии Ульяновой,5
улица Лебедева,5
Хордовый проезд,5
Паромная улица,5
Елецкая улица,5
Касимовская улица,5
Ореховый проезд,5
Кустанайская улица,5
улица Строителей,5
Ухтомская улица,5
Пятницкая улица,5
2-я Бауманская улица,5
4-й Загородный проезд,5
Малая Тульская улица,5
улица Инессы Арманд,5
улица Покрышкина,5
Домостроительная улица,5
улица Щорса,5
Новопеределкинская улица,5
Новоорловская улица,5
Коктебельская улица,5
Луговой проезд,5
Красковская улица,5
Международное шоссе,5
улица Академика Комарова,5
Новобутовская улица,5
2-й Кожуховский проезд,5
улица Саморы Машела,5
улица Марьинский Парк,5
улица Маршала Воробьёва,5
улица Авиаконструктора Микояна,5
улица Михайловка,5
Заводская улица,5
улица Конструктора Гуськова,5
улица Александровка,5
Малинская улица,5
улица Лётчицы Тарасовой,5
Муравская улица,5
улица Рословка,5
Вернисажная улица,5
Солнечная улица,5
Яковлевская улица,5
Клинская улица,5
Мещерский проспект,5
1-й Пенягинский проезд,5
улица Кибальчича,5
Раменский бульвар,5
Ягодная улица,5
Набережная Новикова-Прибоя,5
улица Зорге,5
Улица Татьянин Парк,5
улица Клары Цеткин,4
Коптевский бульвар,4
4-й Новомихалковский проезд,4
1-й Волоколамский проезд,4
улица Усиевича,4
Часовая улица,4
2-я Хуторская улица,4
улица Бусиновская Горка,4
Новинский бульвар,4
улица 1905 Года,4
Светлогорский проезд,4
улица Расковой,4
3-й Нижнелихоборский проезд,4
Старый Петровско-Разумовский проезд,4
Песчаная площадь,4
Строительный проезд,4
Керамический проезд,4
улица Паршина,4
Одинцовская улица,4
Шелепихинское шоссе,4
Отрадная улица,4
Шелепихинская набережная,4
улица Фомичёвой,4
92-й километр Московской Кольцевой Автодороги,4
улица Толбухина,4
Илимская улица,4
Кременчугская улица,4
Воробьёвское шоссе,4
Новофилёвский проезд,4
Молдавская улица,4
улица Пестеля,4
Россошанский проезд,4
Федоскинская улица,4
Россошанская улица,4
улица Гончарова,4
улица Грузинский Вал,4
Новый Берингов проезд,4
Харьковская улица,4
улица Советской Армии,4
улица Дурова,4
Мясницкая улица,4
1-я улица Леонова,4
Каланчёвская улица,4
улица Образцова,4
улица Новая Башиловка,4
Новоалексеевская улица,4
улица Преображенский Вал,4
Халтуринская улица,4
улица Олений Вал,4
Электрозаводский мост,4
Просторная улица,4
улица Ленинская Слобода,4
Якорная улица,4
Затонная улица,4
Потешная улица,4
улица Бориса Жигулёнкова,4
улица Шумкина,4
Новорогожская улица,4
Чусовская улица,4
Одесская улица,4
улица Старый Гай,4
Напольный проезд,4
Ясногорская улица,4
улица Коновалова,4
Кузьминская улица,4
улица Василия Ботылёва,4
улица Зацепский Вал,4
Сормовская улица,4
Яузская улица,4
улица Волхонка,4
Киевская улица,4
проезд Стройкомбината,4
Керченская улица,4
улица Шкулёва,4
Багратионовский проезд,4
Тихорецкий бульвар,4
Большая Андроньевская улица,4
Садовая-Спасская улица,4
Зубовский бульвар,4
улица Пржевальского,4
Новосущёвский переулок,4
улица Николая Химушина,4
Вильнюсская улица,4
Научный проезд,4
улица Академика Хохлова,4
улица Паустовского,4
Конюшковская улица,4
Холодильный переулок,4
улица Даниловский Вал,4
Ряжская улица,4
Загорьевская улица,4
Новоспасский проезд,4
Луганская улица,4
улица Шверника,4
улица Гримау,4
Михневский проезд,4
Зеленодольская улица,4
Даниловская набережная,4
Юрьевский переулок,4
улица Орджоникидзе,4
Садовнический проезд,4
Чистопрудный бульвар,4
18-й километр Московской Кольцевой Автодороги,4
улица Крупской,4
3-я Радиальная улица,4
34-й километр Московской Кольцевой Автодороги,4
32-й километр Московской Кольцевой Автодороги,4
проезд Одоевского,4
улица Раменки,4
улица Кедрова,4
7-я Кожуховская улица,4
Инициативная улица,4
Елизаветинский переулок,4
3-й Сыромятнический переулок,4
1-я Магистральная улица,4
улица Комдива Орлова,4
площадь Соловецких Юнг,4
улица Академика Глушко,4
улица Знаменские Садки,4
Волынская улица,4
9-я Чоботовская аллея,4
Саранская улица,4
Лермонтовский проспект,4
Хвалынский бульвар,4
бульвар Адмирала Ушакова,4
1-я Вольская улица,4
Родионовская улица,4
Дмитровский проезд,4
Изюмская улица,4
улица Академика Полякова,4
Цимлянская улица,4
улица Саломеи Нерис,4
Левобережная улица,4
улица Талалихина,4
Никулинский проезд,4
Середниковская улица,4
проезд № 474,4
Заводское шоссе,4
улица Панфилова,4
проезд Завода Серп и Молот,4
Новотушинский проезд,4
Клинский проезд,4
Московская улица,4
1-й Дачно-Мещерский проезд,4
проезд № 4922,4
Пяловская улица,4
Мурманский проезд,4
улица Липовый Парк,4
Лечебная улица,4
Луховицкая улица,4
Энергетическая улица,4
2-й Красковский проезд,4
улица Речников,4
улица Бориса Пастернака,4
улица Сретенка,4
площадь Тверская Застава,4
улица Самуила Маршака,4
4-й Рощинский проезд,4
Сосновая улица,3
улица Прянишникова,3
улица Лужники,3
Лужнецкая набережная,3
Смоленская-Сенная площадь,3
Рижская площадь,3
бульвар Генерала Карбышева,3
улица Саляма Адиля,3
Проспект Маршала Жукова,3
площадь Академика Курчатова,3
проезд Соломенной Сторожки,3
улица Максимова,3
Талдомская улица,3
Вагоноремонтная улица,3
Ижорский проезд,3
улица Сергея Эйзенштейна,3
Отрадный проезд,3
Псковская улица,3
Вяземская улица,3
улица Кубинка,3
Староможайское шоссе,3
улица Серафимовича,3
Истринская улица,3
Заревый проезд,3
Олимпийский проспект,3
Самотёчная улица,3
Долгоруковская улица,3
Большая Ширяевская улица,3
Преображенская улица,3
Игральная улица,3
Велозаводская улица,3
улица Мастеркова,3
2-й Полевой переулок,3
2-й Котляковский переулок,3
Курганская улица,3
Иркутская улица,3
Снайперская улица,3
улица Уткина,3
улица Паперника,3
Полоцкая улица,3
Обводное шоссе,3
Космодамианская набережная,3
улица Чугунные Ворота,3
Таганская площадь,3
Верхняя Радищевская улица,3
Пречистенская набережная,3
улица Александра Солженицына,3
Жигулёвская улица,3
1-я Фрезерная улица,3
13-я Парковая улица,3
Абельмановская улица,3
Солдатская улица,3
Садовая-Черногрязская улица,3
Малая Сухаревская площадь,3
Садовая-Самотёчная улица,3
улица Крымский Вал,3
Валовая улица,3
улица Академика Челомея,3
Театральный проезд,3
Сущёвская улица,3
улица Воздвиженка,3
Моховая улица,3
улица Кошкина,3
Менделеевская улица,3
улица Богатырский Мост,3
1-й Дербеневский переулок,3
Никольско-Архангельский проезд,3
Устьинский проезд,3
Покровский бульвар,3
6-й Лучевой просек,3
Большой Москворецкий мост,3
улица Новая Дорога,3
Малая Почтовая улица,3
11-й километр Московской Кольцевой Автодороги,3
проезд Олимпийской Деревни,3
улица Рокотова,3
48-й километр Московской Кольцевой Автодороги,3
Троекуровский проезд,3
бульвар Энтузиастов,3
Суворовская площадь,3
улица Чистова,3
улица Академика Капицы,3
улица Главмосстроя,3
Лениногорская улица,3
улица Камова,3
10-я улица Соколиной Горы,3
улица Михельсона,3
улица Солянка,3
Вокзальная площадь,3
улица Зарянова,3
1-я Рейсовая улица,3
Куркинское шоссе,3
улица Николая Коперника,3
Большая Юшуньская улица,3
улица Соловьиная Роща,3
1-й Магистральный тупик,3
улица Академика Опарина,3
Сибирский проезд,3
проезд Берёзовой Рощи,3
Маломосковская улица,3
1-й Красногвардейский проезд,3
проезд № 4807,3
проезд № 4921,3
улица Новомалино,3
улица Татьяны Макаровой,3
улица Академика Понтрягина,3
улица Арсюкова,3
улица Маргелова,3
Новодачное шоссе,3
Физическая улица,3
Милицейский переулок,3
улица Варварка,3
Нововатутинский проспект,3
Насосная улица,3
Балтийская улица,3
Пресненская набережная,3
Смирновская улица,3
Мироновская улица,3
улица Лётчика Грицевца,3
5-й Загородный проезд,3
Винницкая улица,3
улица Академика Виноградова,3
улица Светланова,3
Иваньковское шоссе,3
Николо-Хованская улица,3
Садовая-Каретная улица,3
улица Малая Дмитровка,3
1-й Рощинский проезд,3
Базовская улица,3
улица Ротерта,3
Фитарёвская улица,3
набережная Тараса Шевченко,2
4-й Лихачёвский переулок,2
Пехотная улица,2
2-й Пехотный переулок,2
Сенежская улица,2
Новослободская улица,2
улица Цандера,2
Сусоколовское шоссе,2
Лужнецкий проезд,2
Кудринская площадь,2
Смоленский бульвар,2
5-я улица Ямского Поля,2
1-я улица Ямского Поля,2
Мякининский проезд,2
Карамышевский проезд,2
1-й Новоподмосковный переулок,2
Минусинская улица,2
улица Амундсена,2
улица Маршала Конева,2
Смоленская площадь,2
Алёшкинский проезд,2
улица Маршала Соколовского,2
Гостиничный проезд,2
улица Академика Бочвара,2
74-й километр Московской Кольцевой Автодороги,2
Причальный проезд,2
Рубежный проезд,2
Магистральный переулок,2
93-й километр Московской Кольцевой Автодороги,2
91-й километр Московской Кольцевой Автодороги,2
89-й километр Московской Кольцевой Автодороги,2
88-й километр Московской Кольцевой Автодороги,2
87-й километр Московской Кольцевой Автодороги,2
84-й километр Московской Кольцевой Автодороги,2
83-й километр Московской Кольцевой Автодороги,2
Зональная улица,2
Пинский проезд,2
2-й Поперечный проезд,2
улица Боженко,2
Якиманский проезд,2
Береговой проезд,2
улица Санникова,2
Холмогорская улица,2
17-й проезд Марьиной Рощи,2
2-й Красногвардейский проезд,2
улица Сергея Макеева,2
Подольское шоссе,2
Малая Ботаническая улица,2
Лазоревый проезд,2
2-й Ботанический проезд,2
улица Седова,2
Останкинский проезд,2
1-й Нагатинский проезд,2
улица Намёткина,2
Страстной бульвар,2
Ялтинская улица,2
Артековская улица,2
Оружейный переулок,2
Садовая-Триумфальная улица,2
3-я Мытищинская улица,2
Народный проспект,2
Спартаковская улица,2
4-й проезд Подбельского,2
3-я Гражданская улица,2
улица Сайкина,2
4-я Гражданская улица,2
улица Богородский Вал,2
8-я улица Соколиной Горы,2
Преображенская площадь,2
Вербная улица,2
1-й Варшавский проезд,2
Коломенское шоссе,2
улица Садовники,2
3-я Рыбинская улица,2
улица Лобачика,2
Ольховская улица,2
Малый Купавенский проезд,2
106-й километр Московской Кольцевой Автодороги,2
108-й километр Московской Кольцевой Автодороги,2
улица Айвазовского,2
5-я улица Соколиной Горы,2
Яснополянская улица,2
Оршанская улица,2
Кунцевская улица,2
улица Екатерины Будановой,2
улица Коцюбинского,2
Никитский бульвар,2
1-й Поперечный проезд,2
Павелецкая площадь,2
Зубовская улица,2
Нижняя Радищевская улица,2
Душинская улица,2
Авиамоторный проезд,2
Главная улица,2
1-й Сетуньский проезд,2
2-й Сетуньский проезд,2
улица Маросейка,2
улица Семёновский Вал,2
улица Олеко Дундича,2
Измайловская площадь,2
Измайловский проезд,2
1-я Парковая улица,2
Зеленодольский проезд,2
Лермонтовская площадь,2
Большая Садовая улица,2
Большой Краснохолмский мост,2
Минаевский переулок,2
проектируемый проезд № 4294,2
Смоленская улица,2
проезд Нансена,2
Малая Андроньевская улица,2
площадь Крестьянская Застава,2
Сокольническая площадь,2
Остаповский проезд,2
Деловая улица,2
Полимерная улица,2
Павелецкая набережная,2
2-й километр Московской Кольцевой Автодороги,2
3-й километр Московской Кольцевой Автодороги,2
Тамбовская улица,2
Алма-Атинская улица,2
Измайловская улица,2
Белокаменное шоссе,2
Яузская аллея,2
1-й Боткинский проезд,2
улица Казакова,2
16-й километр Московской Кольцевой Автодороги,2
14-й километр Московской Кольцевой Автодороги,2
23-й километр Московской Кольцевой Автодороги,2
21-й километр Московской Кольцевой Автодороги,2
20-й километр Московской Кольцевой Автодороги,2
Кубанская улица,2
40-й километр Московской Кольцевой Автодороги,2
38-й километр Московской Кольцевой Автодороги,2
37-й километр Московской Кольцевой Автодороги,2
35-й километр Московской Кольцевой Автодороги,2
33-й километр Московской Кольцевой Автодороги,2
31-й километр Московской Кольцевой Автодороги,2
29-й километр Московской Кольцевой Автодороги,2
27-й километр Московской Кольцевой Автодороги,2
2-я Брестская улица,2
6-я Кожуховская улица,2
улица Ивана Бабушкина,2
Рочдельская улица,2
Санаторная аллея,2
Верхняя Сыромятническая улица,2
Гаврикова улица,2
набережная Академика Туполева,2
Сыромятнический проезд,2
Большой Полуярославский переулок,2
Большая Марфинская улица,2
1-й Вешняковский проезд,2
улица Приорова,2
улица Головачёва,2
Халтуринский проезд,2
Семёновская площадь,2
Новоухтомское шоссе,2
43-й километр Московской Кольцевой Автодороги,2
Старообрядческая улица,2
Подъёмная улица,2
Суздальский проезд,2
улица Рогожский Посёлок,2
Большая Бутовская улица,2
Народная улица,2
67-й километр Московской Кольцевой Автодороги,2
Мелитопольский проезд,2
2-я Мелитопольская улица,2
Дачная улица,2
Котельническая набережная,2
Вересковая улица,2
Новобутовский проезд,2
Ратная улица,2
1-й Миргородский переулок,2
54-й километр Московской Кольцевой Автодороги,2
55-й километр Московской Кольцевой Автодороги,2
Тихвинская улица,2
3-я Песчаная улица,2
1-й Котляковский переулок,2
Малыгинский проезд,2
62-й километр Московской Кольцевой Автодороги,2
66-й километр Московской Кольцевой Автодороги,2
Малая Калитниковская улица,2
улица Гиляровского,2
49-й километр Московской Кольцевой Автодороги,2
Большая Октябрьская улица,2
Спортивная улица,2
Каштановая аллея,2
1-й Западный проезд,2
улица Болдов Ручей,2
улица Наташи Качуевской,2
9-я улица Соколиной Горы,2
Тарный проезд,2
9-я Северная линия,2
Трикотажный проезд,2
2-я улица Измайловского Зверинца,2
59-й километр Московской Кольцевой Автодороги,2
Каскадная улица,2
1-я Напрудная улица,2
Академическая площадь,2
Некрасовская улица,2
Кольцевая улица,2
Новоданиловский проезд,2
Прудовая улица,2
6-й Дачно-Мещерский проезд,2
Учительская улица,2
Старокаширское шоссе,2
95-й километр Московской Кольцевой Автодороги,2
Бабаевская улица,2
56-й километр Московской Кольцевой Автодороги,2
улица Галины Вишневской,2
Каргопольская улица,2
1-й Войковский проезд,2
5-й Войковский проезд,2
Перовский проезд,2
улица Егора Абакумова,2
Палехская улица,2
улица Ляпидевского,2
Староватутинский проезд,2
Аргуновская улица,2
Борисовская улица,2
Оренбургская улица,2
улица Барболина,2
Сормовский проезд,2
Канатчиковский проезд,2
1-й Краснокурсантский проезд,2
Лубянский проезд,2
Неглинная улица,2
Бутовский тупик,2
улица Липчанского,2
1-я Октябрьская улица,2
площадь Сретенские Ворота,2
Маленковская улица,2
улица Сокольническая Слободка,2
Ташкентский переулок,2
Писцовая улица,2
Баррикадная улица,2
Житная улица,2
9-й километр Московской Кольцевой Автодороги,2
улица Полковника Милиции Курочкина,2
улица Анны Ахматовой,2
Комсомольская улица,2
1-я Сестрорецкая улица,2
2-я Подрезковская улица,2
Кировоградский проезд,2
7-й километр Московской Кольцевой Автодороги,2
Чесменская улица,2
Кленовый бульвар,2
Долгопрудная улица,2
3-й Дербеневский переулок,1
Путейская улица,1
3-й Лихачёвский переулок,1
6-й Новоостанкинский проезд,1
улица Кондратюка,1
улица Еланского,1
Гостиничная улица,1
2-й Крестовский переулок,1
улица Черняховского,1
проезд Девичьего Поля,1
Весенняя улица,1
улица Маршала Вершинина,1
Дегунинский проезд,1
проезд Стратонавтов,1
Туркменский проезд,1
Улица Маршала Василевского,1
5-я Магистральная улица,1
Мелиховская улица,1
Запорожская улица,1
Гвардейская улица,1
Житомирская улица,1
Селигерская улица,1
Бескудниковский переулок,1
5-й проезд Марьиной Рощи,1
Полковая улица,1
улица Двинцев,1
улица Трёхгорный Вал,1
Стрелецкая улица,1
3-й проезд Марьиной Рощи,1
Павловская улица,1
Серпуховская площадь,1
1-й Ботанический проезд,1
Селезнёвская улица,1
Большая Переяславская улица,1
Перуновский переулок,1
Стрельбищенский переулок,1
1-я Прогонная улица,1
Алымов переулок,1
1-й проезд Подбельского,1
Русаковская набережная,1
1-я Рыбинская улица,1
Водопроводный переулок,1
Щёлковский проезд,1
Каширский проезд,1
Донская улица,1
Сахалинская улица,1
Делегатская улица,1
улица Достоевского,1
Спартаковская площадь,1
улица Аносова,1
Кусковский тупик,1
2-й Южнопортовый проезд,1
2-я Мякининская улица,1
Боровицкая площадь,1
Раушская набережная,1
Болотная улица,1
улица Нижняя Хохловка,1
Кремлёвская набережная,1
Подгорская набережная,1
Андроньевская площадь,1
Андроньевский проезд,1
4-й Сетуньский проезд,1
2-я Кабельная улица,1
2-й Кабельный проезд,1
площадь Киевского Вокзала,1
Красноворотский проезд,1
улица Полосухина,1
3-я Прядильная улица,1
Безымянный проезд,1
Самотёчная площадь,1
Петровский бульвар,1
Банный переулок,1
улица Воронцовские Пруды,1
улица Шухова,1
Устьинская набережная,1
Грузинский переулок,1
Нововоротниковский переулок,1
Красноказарменная площадь,1
Софийская набережная,1
Элеваторная улица,1
Товарищеская улица,1
улица Улофа Пальме,1
Елоховская площадь,1
улица Павла Андреева,1
Нижняя Краснохолмская улица,1
Яузский бульвар,1
Хохловская площадь,1
Малая Семёновская улица,1
Курская улица,1
7-я улица Текстильщиков,1
1-я Радиальная улица,1
25-й километр Московской Кольцевой Автодороги,1
Шелепихинский мост,1
улица Петра Романова,1
Соймоновский проезд,1
3-я Никопольская улица,1
Мелитопольская улица,1
Теплостанский проезд,1
улица Тюрина,1
Донбасская улица,1
1-й Сыромятнический переулок,1
Пересветов переулок,1
проектируемый проезд № 3683,1
Мазиловская улица,1
Малая Набережная улица,1
Муромская улица,1
Поселковая улица,1
44-й километр Московской Кольцевой Автодороги,1
45-й километр Московской Кольцевой Автодороги,1
улица Кухмистерова,1
1-я Боевская улица,1
Гороховский переулок,1
39-й километр Московской Кольцевой Автодороги,1
8-я Северная линия,1
Гончарная набережная,1
Зоологический переулок,1
Васильевская улица,1
Тишинская площадь,1
улица Подвойского,1
улица Неверовского,1
Будайская улица,1
улица Касаткина,1
улица Лефортовский Вал,1
улица Адмирала Руднева,1
1-я Мясниковская улица,1
Токмаков переулок,1
площадь Шокина,1
Комсомольская площадь,1
4-й Ходынский проезд,1
Песчаный переулок,1
Улица Веры Волошиной,1
Игарский проезд,1
Тушинская улица,1
4-я Мякининская улица,1
Трудовая аллея,1
проектируемый проезд № 2236,1
Ивовая улица,1
Цариков переулок,1
Челобитьевское шоссе,1
Графский переулок,1
улица Палиха,1
Школьная улица,1
Воловья улица,1
Красноказарменный проезд,1
Скотопрогонная улица,1
2-я Железнодорожная улица,1
Торговая улица,1
Волоцкой переулок,1
Озёрная аллея,1
103-й километр Московской Кольцевой Автодороги,1
2-я Рейсовая улица,1
Западная улица,1
улица Бажова,1
47-й километр Московской Кольцевой Автодороги,1
Ходынский бульвар,1
Витебская улица,1
3-я улица Соколиной Горы,1
Тестовская улица,1
Таможенный проезд,1
Средний Золоторожский переулок,1
Старокирочный переулок,1
Товарищеский переулок,1
Будайский проезд,1
Норильская улица,1
Широкий проезд,1
улица Годовикова,1
улица Бочкова,1
улица Дубовой Рощи,1
Стромынский переулок,1
Верхняя Первомайская улица,1
улица Васильцовский Стан,1
улица Лётчика Ульянина,1
Есенинский бульвар,1
Ивановская улица,1
2-й Тушинский проезд,1
Госпитальный переулок,1
Береговая улица,1
Чукотский проезд,1
улица Чичерина,1
1-й Кожуховский проезд,1
улица Охотный Ряд,1
улица Петровка,1
Театральная площадь,1
Рахмановский переулок,1
улица Барышевская Роща,1
Институтский проезд,1
улица Маресьева,1
проезд Апакова,1
улица Панфёрова,1
Новорязанское шоссе,1
улица Маршала Рыбалко,1
улица Коровий Вал,1
площадь Пречистенские Ворота,1
улица Николаева,1
Большая Сухаревская площадь,1
Улица Всеволода Вишневского,1
Театральная аллея,1
Мантулинская улица,1
Новостроевская улица,1
Верхнелихоборская улица,1
улица Демьяна Бедного,1
3-й Волоколамский проезд,1
улица Никитина,1
улица Бианки,1
улица Генерала Сандалова,1
3-й Силикатный проезд,1
улица Чёрное Озеро,1
1-й Южнопортовый проезд,1
Городская улица,1
Сеславинская улица,1
улица Новая Заря,1
Бекасовская улица,1
Троицкая улица,1
Улица Нижние Мнёвники,1
улица Правды,1
1-й Лесной переулок,1
улица Большая Лубянка,1
Бесединское шоссе,1
Добровольческая улица,1
улица Рудневой,1
1-й Красногорский проезд,1
